channel_title,subscribers,vids_counted,median_views
ESPN,6020000,100,121777.5
Good Mythical Morning,15900000,100,1299577
NFL,5520000,100,48756
MLB,2250000,100,59108
Linus Tech Tips,9530000,100,1162568.5
Skip and Shannon: UNDISPUTED,1470000,100,254870
Good Mythical MORE,3800000,100,401356
NBA,12300000,100,51035
REACT,12200000,100,943546
The King of Random,12100000,100,1315649.5
WWE,51000000,100,83752.5
NBC Sports,1020000,100,13259.5
Tasty,16700000,100,112228.5
FaZe Rug,13600000,100,2731814
FBE,19700000,100,1016507
Inside Edition,6800000,100,200604.5
Binging with Babish,5600000,100,2846320
Marques Brownlee,9730000,100,3055093
UFC - Ultimate Fighting Championship,7810000,100,175031.5
TheEllenShow,35200000,100,162547.5
Tati,9720000,100,1453130
Vat19,6880000,100,2716918
The Real Daytime,2100000,100,49493
CBS News,1980000,100,10173
Unbox Therapy,15800000,100,2004839.5
Big Ten Network,175000,100,2239
CinemaSins,8720000,100,1013810
Doctor Mike,4470000,100,1015990
JennaMarbles,20000000,100,5785113
Simply Nailogical,7470000,100,4272253
The Daily Show with Trevor Noah,5730000,100,739808.5
FORMULA 1,3050000,100,255380
The Late Show with Stephen Colbert,6910000,100,397406.5
emma chamberlain,8530000,100,6581134.5
The Tonight Show Starring Jimmy Fallon,22600000,100,99571
First We Feast,7600000,100,1544536
Brad Mondo,3530000,100,1235010.5
Markiplier,24700000,100,1654542.5
BANGTANTV,23400000,100,2281138
AzzyLand,10500000,100,2231098.5
Dancing With The Stars,924000,100,130986
Bleacher Report,1470000,100,38330
shane,23100000,100,13647783.5
The Voice,7740000,100,288198
ABC News,6880000,100,25111.5
League of Legends,11500000,100,1215960.5
Jimmy Kimmel Live,15600000,100,194242.5
NikkieTutorials,12300000,100,2151942.5
Gus Johnson,1600000,100,1133400
The Infographics Sho,6600000,100,265044
